producto_id,ingrediente_id,marca,cantidad_por_paquete,precio_mxn,disponible,fecha_actualizacion,moneda
P001,I001,Ahorro,1000,42.5,1,9/24/2026,MXN
P002,I001,Casa Verde,500,24.65,1,9/24/2026,MXN
P003,I002,Buen Día,500,31.9,1,9/24/2026,MXN
P004,I002,Ahorro,250,18.5,1,9/24/2026,MXN
P005,I003,Casa Verde,30,27.5,1,9/24/2026,MXN
P006,I003,Buen Día,15,15.95,1,9/24/2026,MXN
P007,I004,Ahorro,500,39.9,1,9/24/2026,MXN
P008,I004,Casa Verde,250,23.14,1,9/24/2026,MXN
P009,I005,Buen Día,900,38,1,9/24/2026,MXN
P010,I005,Ahorro,450,22.04,1,9/24/2026,MXN
P011,I006,Casa Verde,500,31,1,9/24/2026,MXN
P012,I006,Buen Día,250,17.98,1,9/24/2026,MXN
P013,I007,Ahorro,500,36,1,9/24/2026,MXN
P014,I007,Casa Verde,250,20.88,1,9/24/2026,MXN
P015,I008,Buen Día,1000,159,1,9/24/2026,MXN
P016,I008,Ahorro,500,92.22,1,9/24/2026,MXN
P017,I009,Casa Verde,500,98,1,9/24/2026,MXN
P018,I009,Buen Día,250,56.84,1,9/24/2026,MXN
P019,I010,Ahorro,140,24.5,1,9/24/2026,MXN
P020,I010,Casa Verde,70,14.21,1,9/24/2026,MXN
P021,I011,Buen Día,12,48,1,9/24/2026,MXN
P022,I011,Ahorro,6,27.84,1,9/24/2026,MXN
P023,I012,Casa Verde,1000,29.5,1,9/24/2026,MXN
P024,I012,Buen Día,500,17.11,1,9/24/2026,MXN
P025,I013,Ahorro,400,78,1,9/24/2026,MXN
P026,I013,Casa Verde,200,45.24,1,9/24/2026,MXN
P027,I014,Buen Día,350,69,1,9/24/2026,MXN
P028,I014,Ahorro,175,40.02,0,9/24/2026,MXN
P029,I015,Casa Verde,1000,39,1,9/24/2026,MXN
P030,I015,Buen Día,500,22.62,1,9/24/2026,MXN
P031,I016,Ahorro,1000,34,1,9/24/2026,MXN
P032,I016,Casa Verde,500,19.72,1,9/24/2026,MXN
P033,I017,Buen Día,1000,29,1,9/24/2026,MXN
P034,I017,Ahorro,500,16.82,1,9/24/2026,MXN
P035,I018,Casa Verde,1000,42,1,9/24/2026,MXN
P036,I018,Buen Día,500,24.36,1,9/24/2026,MXN
P037,I019,Ahorro,300,35,1,9/24/2026,MXN
P038,I019,Casa Verde,150,20.3,0,9/24/2026,MXN
P039,I020,Buen Día,1000,36,1,9/24/2026,MXN
P040,I020,Ahorro,500,20.88,1,9/24/2026,MXN
P041,I021,Casa Verde,1000,79,1,9/24/2026,MXN
P042,I021,Buen Día,500,45.82,1,9/24/2026,MXN
P043,I022,Ahorro,6,44,1,9/24/2026,MXN
P044,I022,Casa Verde,3,25.52,1,9/24/2026,MXN
P045,I023,Buen Día,900,49,1,9/24/2026,MXN
P046,I023,Ahorro,450,28.42,1,9/24/2026,MXN
P047,I024,Casa Verde,250,39,1,9/24/2026,MXN
P048,I024,Buen Día,125,22.62,1,9/24/2026,MXN
