hogar_id,semana_inicio,ingrediente_id,cantidad_comprada,cantidad_consumida,cantidad_desperdiciada,inventario_final,aceptacion_1_5,unidad
H001,7/6/2026,I001,406.7,332.5,49.5,24.7,4,g
H001,7/6/2026,I022,2.3,1.5,0.2,0.6,3,pieza
H001,7/6/2026,I018,185,150.7,22,12.3,4,g
H001,7/6/2026,I005,162.2,120.3,20.1,21.8,4,g
H001,7/6/2026,I021,379,337.2,28.6,13.2,4,g
H001,7/6/2026,I002,166.1,119,21.3,25.8,5,g
H001,7/6/2026,I014,326.2,257,16.9,52.3,5,g
H001,7/6/2026,I009,445.5,317.6,27.5,100.4,3,g
H001,7/6/2026,I006,375.2,319.4,17.3,38.5,3,g
H001,7/6/2026,I013,200.3,130.8,22.3,47.2,3,g
H001,7/13/2026,I001,349.5,272.7,26.3,50.5,5,g
H001,7/13/2026,I022,4.1,3.3,0.2,0.6,3,pieza
H001,7/13/2026,I018,476,315,26,135,5,g
H001,7/13/2026,I005,270.8,225,25.3,20.5,4,g
H001,7/13/2026,I021,341.6,230.1,18.1,93.4,5,g
H001,7/13/2026,I002,304.4,262,21.5,20.9,3,g
H001,7/13/2026,I014,448.4,274.6,78.7,95.1,3,g
H001,7/13/2026,I009,314.8,252.8,32.3,29.7,5,g
H001,7/13/2026,I006,167.5,146.4,9.7,11.4,3,g
H001,7/13/2026,I013,188.4,153.4,15.4,19.6,3,g
H001,7/20/2026,I001,390.8,265.1,71.3,54.4,4,g
H001,7/20/2026,I022,1.1,0.8,0.2,0.1,4,pieza
H001,7/20/2026,I018,346,226.9,47.4,71.7,4,g
H001,7/20/2026,I005,291,278.8,4.1,8.1,3,g
H001,7/20/2026,I021,353.6,335.8,4.2,13.6,5,g
H001,7/20/2026,I002,464.9,317.8,90,57.1,4,g
H001,7/20/2026,I014,423.8,333.1,29.4,61.3,3,g
H001,7/20/2026,I009,144.8,90.8,26.9,27.1,5,g
H001,7/20/2026,I006,416.2,356.6,21.4,38.2,5,g
H001,7/20/2026,I013,284,196.4,24.3,63.3,3,g
H001,7/27/2026,I001,441.9,346,44.7,51.2,3,g
H001,7/27/2026,I022,4.1,3.2,0.3,0.6,5,pieza
H001,7/27/2026,I018,192.4,164.2,17.7,10.5,5,g
H001,7/27/2026,I005,351.1,296.2,22.2,32.7,3,g
H001,7/27/2026,I021,292.2,223.7,44.5,24,3,g
H001,7/27/2026,I002,395.7,291.8,63.1,40.8,3,g
H001,7/27/2026,I014,480.9,305.7,116.6,58.6,4,g
H001,7/27/2026,I009,176.2,112.9,26.4,36.9,4,g
H001,7/27/2026,I006,136.8,97.6,17,22.2,5,g
H001,7/27/2026,I013,195.7,141.9,29.7,24.1,3,g
H001,8/3/2026,I001,200.1,141,13.1,46,3,g
H001,8/3/2026,I022,4.5,3.4,0.7,0.4,4,pieza
H001,8/3/2026,I018,255.1,177.5,11.7,65.9,5,g
H001,8/3/2026,I005,397.4,293.5,62.6,41.3,3,g
H001,8/3/2026,I021,422.3,407,5.4,9.9,5,g
H001,8/3/2026,I002,275.2,229.1,27.5,18.6,3,g
H001,8/3/2026,I014,352.3,297.6,11.7,43,4,g
H001,8/3/2026,I009,204.3,191,3.9,9.4,3,g
H001,8/3/2026,I006,159.5,103.8,10.2,45.5,4,g
H001,8/3/2026,I013,409.4,268.2,77.1,64.1,4,g
H001,8/10/2026,I001,166,106.9,31.2,27.9,5,g
H001,8/10/2026,I022,3.4,2.4,0.3,0.7,3,pieza
H001,8/10/2026,I018,212.1,171.4,24.7,16,3,g
H001,8/10/2026,I005,464.8,354.2,60,50.6,3,g
H001,8/10/2026,I021,239.5,154.5,26.2,58.8,3,g
H001,8/10/2026,I002,272.1,206.7,15.7,49.7,5,g
H001,8/10/2026,I014,319.4,224.3,48.1,47,4,g
H001,8/10/2026,I009,292.6,252.5,10.4,29.7,3,g
H001,8/10/2026,I006,143.6,94.4,13.9,35.3,5,g
H001,8/10/2026,I013,350,298.2,31.9,19.9,4,g
H001,8/17/2026,I001,179.7,139.3,8.9,31.5,4,g
H001,8/17/2026,I022,4.1,3.8,0.2,0.1,4,pieza
H001,8/17/2026,I018,131.1,107.5,7.7,15.9,3,g
H001,8/17/2026,I005,140.2,102.8,20.1,17.3,4,g
H001,8/17/2026,I021,395.6,314.7,47.1,33.8,3,g
H001,8/17/2026,I002,370.7,333.7,25.7,11.3,3,g
H001,8/17/2026,I014,355,269.1,56.6,29.3,5,g
H001,8/17/2026,I009,356,309.5,21.6,24.9,3,g
H001,8/17/2026,I006,151.2,99.9,11.5,39.8,4,g
H001,8/17/2026,I013,271.6,229.5,21.7,20.4,3,g
H001,8/24/2026,I001,239.9,189.4,16.1,34.4,3,g
H001,8/24/2026,I022,1,1,0,0,3,pieza
H001,8/24/2026,I018,401.7,288.4,68.5,44.8,5,g
H001,8/24/2026,I005,360,264.6,54.3,41.1,4,g
H001,8/24/2026,I021,304.7,268.5,20.4,15.8,3,g
H001,8/24/2026,I002,208.3,162.6,22.3,23.4,3,g
H001,8/24/2026,I014,413.3,347.3,34.3,31.7,5,g
H001,8/24/2026,I009,219.1,182.9,10.4,25.8,4,g
H001,8/24/2026,I006,321.7,231.3,51.2,39.2,5,g
H001,8/24/2026,I013,208.2,179,10.4,18.8,3,g
H002,7/6/2026,I002,742.3,656.8,26.4,59.1,5,g
H002,7/6/2026,I004,667.3,534.1,32,101.2,5,g
H002,7/6/2026,I011,8.3,7.1,0.4,0.8,3,pieza
H002,7/6/2026,I014,433.4,280.7,65.6,87.1,4,g
H002,7/6/2026,I021,493.2,386.3,28.4,78.5,3,g
H002,7/6/2026,I003,9.7,6.7,0.5,2.5,5,pieza
H002,7/6/2026,I005,636.6,483.7,34.4,118.5,4,g
H002,7/6/2026,I019,563.7,440.3,56,67.4,3,g
H002,7/6/2026,I007,271.8,247.1,11.1,13.6,4,g
H002,7/6/2026,I015,741.6,566.7,101,73.9,5,g
H002,7/13/2026,I002,372.9,261.9,18,93,4,g
H002,7/13/2026,I004,765.3,635.8,80.4,49.1,3,g
H002,7/13/2026,I011,4.6,3.5,0.7,0.4,5,pieza
H002,7/13/2026,I014,756.5,434.2,150.4,171.9,3,g
H002,7/13/2026,I021,269.5,249.8,9.7,10,3,g
H002,7/13/2026,I003,6.3,4.7,0.7,0.9,5,pieza
H002,7/13/2026,I005,634.5,397.6,127.1,109.8,5,g
H002,7/13/2026,I019,948.2,566,246.7,135.5,3,g
H002,7/13/2026,I007,850.3,608.7,151.1,90.5,4,g
H002,7/13/2026,I015,846.9,722.8,80.4,43.7,4,g
H002,7/20/2026,I002,613.7,510.6,61.7,41.4,5,g
H002,7/20/2026,I004,303.8,218.3,26.5,59,4,g
H002,7/20/2026,I011,4.2,3.9,0.1,0.2,5,pieza
H002,7/20/2026,I014,700.9,512.2,81.6,107.1,4,g
H002,7/20/2026,I021,553.8,534,5.1,14.7,4,g
H002,7/20/2026,I003,4.2,3.6,0.3,0.3,5,pieza
H002,7/20/2026,I005,860.2,679.3,111.9,69,4,g
H002,7/20/2026,I019,588.3,403.2,40.4,144.7,5,g
H002,7/20/2026,I007,707.1,620.5,53.9,32.7,4,g
H002,7/20/2026,I015,354.6,281.4,29.7,43.5,3,g
H002,7/27/2026,I002,407.5,270.3,41.3,95.9,4,g
H002,7/27/2026,I004,861.1,675.1,77.3,108.7,4,g
H002,7/27/2026,I011,4.8,3.7,0.6,0.5,4,pieza
H002,7/27/2026,I014,670.2,534.7,54.9,80.6,5,g
H002,7/27/2026,I021,954.1,747.3,46.6,160.2,3,g
H002,7/27/2026,I003,4.1,3,0.5,0.6,5,pieza
H002,7/27/2026,I005,316.9,201,41,74.9,4,g
H002,7/27/2026,I019,322,220,64.2,37.8,5,g
H002,7/27/2026,I007,283.8,242.4,24.6,16.8,5,g
H002,7/27/2026,I015,783.2,575.5,36.8,170.9,5,g
H002,8/3/2026,I002,786.3,552.8,70.6,162.9,4,g
H002,8/3/2026,I004,364.8,293,39.9,31.9,4,g
H002,8/3/2026,I011,2.4,1.8,0.2,0.4,3,pieza
H002,8/3/2026,I014,606.5,532.8,26.6,47.1,4,g
H002,8/3/2026,I021,830,654.9,57,118.1,3,g
H002,8/3/2026,I003,8.6,7.5,0.5,0.6,5,pieza
H002,8/3/2026,I005,596.4,391.2,112.6,92.6,3,g
H002,8/3/2026,I019,860.6,705.4,50.6,104.6,4,g
H002,8/3/2026,I007,865.6,665.8,104.3,95.5,5,g
H002,8/3/2026,I015,454.4,309.2,74.1,71.1,5,g
H002,8/10/2026,I002,610.9,383.6,124,103.3,5,g
H002,8/10/2026,I004,447.4,372.2,43.1,32.1,3,g
H002,8/10/2026,I011,9.8,6,1,2.8,4,pieza
H002,8/10/2026,I014,871.8,496.1,160.3,215.4,5,g
H002,8/10/2026,I021,873.1,698.9,113.2,61,3,g
H002,8/10/2026,I003,8.6,6.3,0.5,1.8,3,pieza
H002,8/10/2026,I005,356.6,295.7,38,22.9,3,g
H002,8/10/2026,I019,797,534,114.7,148.3,3,g
H002,8/10/2026,I007,340,270.8,15.5,53.7,5,g
H002,8/10/2026,I015,763.3,750,8.2,5.1,4,g
H002,8/17/2026,I002,493.5,443.7,28.4,21.4,4,g
H002,8/17/2026,I004,760.4,722.5,26,11.9,5,g
H002,8/17/2026,I011,4.7,3.6,0.8,0.3,3,pieza
H002,8/17/2026,I014,377,246.1,25.1,105.8,4,g
H002,8/17/2026,I021,803.7,507.8,134.8,161.1,4,g
H002,8/17/2026,I003,7.3,5.8,0.7,0.8,5,pieza
H002,8/17/2026,I005,507.9,350.3,55.1,102.5,4,g
H002,8/17/2026,I019,790.3,523.1,82.3,184.9,4,g
H002,8/17/2026,I007,448.9,372.2,39.1,37.6,5,g
H002,8/17/2026,I015,280.2,255.2,5.3,19.7,5,g
H002,8/24/2026,I002,364.8,276.8,50.2,37.8,5,g
H002,8/24/2026,I004,825.5,700.8,37.8,86.9,3,g
H002,8/24/2026,I011,4.6,3.9,0.3,0.4,5,pieza
H002,8/24/2026,I014,449.4,278.4,78,93,4,g
H002,8/24/2026,I021,263.2,207.8,25.9,29.5,4,g
H002,8/24/2026,I003,2.4,1.9,0.1,0.4,4,pieza
H002,8/24/2026,I005,398.6,291.3,37.4,69.9,4,g
H002,8/24/2026,I019,786.8,682,46,58.8,5,g
H002,8/24/2026,I007,351,269.3,20.3,61.4,4,g
H002,8/24/2026,I015,383.8,317.7,10.2,55.9,3,g
H003,7/6/2026,I014,455.4,347.3,26.9,81.2,5,g
H003,7/6/2026,I011,2.9,2.5,0.1,0.3,4,pieza
H003,7/6/2026,I012,463.1,360.3,47,55.8,3,ml
H003,7/6/2026,I004,696.8,478.3,101.1,117.4,4,g
H003,7/6/2026,I016,215,154,41.2,19.8,4,g
H003,7/6/2026,I006,268.6,220.2,8.1,40.3,4,g
H003,7/6/2026,I002,301.5,183.4,44,74.1,3,g
H003,7/6/2026,I019,577.7,519.4,31.6,26.7,4,g
H003,7/6/2026,I013,245.7,190.5,23.5,31.7,5,g
H003,7/6/2026,I003,7,5.7,0.2,1.1,4,pieza
H003,7/13/2026,I014,487.6,387,15.7,84.9,3,g
H003,7/13/2026,I011,5.4,3.9,0.9,0.6,4,pieza
H003,7/13/2026,I012,322.6,218.8,39.7,64.1,5,ml
H003,7/13/2026,I004,212.3,185.3,11.6,15.4,5,g
H003,7/13/2026,I016,195.6,167.7,19,8.9,4,g
H003,7/13/2026,I006,241.5,239.3,0.4,1.8,5,g
H003,7/13/2026,I002,222,176.1,29.4,16.5,3,g
H003,7/13/2026,I019,372.2,331.2,18.7,22.3,3,g
H003,7/13/2026,I013,415.1,360.4,20,34.7,4,g
H003,7/13/2026,I003,5,3.9,0.5,0.6,4,pieza
H003,7/20/2026,I014,618.1,472,29.6,116.5,3,g
H003,7/20/2026,I011,5.1,3.8,0.6,0.7,4,pieza
H003,7/20/2026,I012,233.3,174.5,23.8,35,4,ml
H003,7/20/2026,I004,192.8,146.9,7,38.9,4,g
H003,7/20/2026,I016,568.7,539.3,13.1,16.3,5,g
H003,7/20/2026,I006,305.3,273.5,19.7,12.1,4,g
H003,7/20/2026,I002,527.3,450.6,18.8,57.9,4,g
H003,7/20/2026,I019,387.9,322.9,15.4,49.6,5,g
H003,7/20/2026,I013,571.3,458.5,55.7,57.1,4,g
H003,7/20/2026,I003,1.6,1.4,0,0.2,5,pieza
H003,7/27/2026,I014,310.8,284.2,13.6,13,4,g
H003,7/27/2026,I011,1.7,1.1,0.3,0.3,3,pieza
H003,7/27/2026,I012,628.3,387.4,131.8,109.1,3,ml
H003,7/27/2026,I004,277.4,220.2,11.3,45.9,4,g
H003,7/27/2026,I016,470.2,380.9,17.6,71.7,5,g
H003,7/27/2026,I006,206.1,157.5,10.5,38.1,5,g
H003,7/27/2026,I002,476.5,437.1,18.1,21.3,4,g
H003,7/27/2026,I019,544.5,495.3,9.5,39.7,5,g
H003,7/27/2026,I013,346.7,317.1,14.6,15,4,g
H003,7/27/2026,I003,1.5,1.2,0.2,0.1,4,pieza
H003,8/3/2026,I014,456.2,324.5,42.8,88.9,3,g
H003,8/3/2026,I011,3,2.6,0.2,0.2,5,pieza
H003,8/3/2026,I012,338.4,251,34.2,53.2,4,ml
H003,8/3/2026,I004,425.1,297.9,53.7,73.5,4,g
H003,8/3/2026,I016,223.1,206.3,8.1,8.7,4,g
H003,8/3/2026,I006,602,395.7,117.4,88.9,5,g
H003,8/3/2026,I002,681.1,523.8,44.6,112.7,4,g
H003,8/3/2026,I019,310.7,210.7,41.6,58.4,3,g
H003,8/3/2026,I013,375.7,256,79.1,40.6,3,g
H003,8/3/2026,I003,5.8,5.1,0.3,0.4,3,pieza
H003,8/10/2026,I014,751.4,518.9,89.4,143.1,5,g
H003,8/10/2026,I011,5.5,3.9,0.9,0.7,4,pieza
H003,8/10/2026,I012,326.4,239.1,50.6,36.7,5,ml
H003,8/10/2026,I004,384.5,240.2,69.7,74.6,3,g
H003,8/10/2026,I016,271.5,170.9,38.7,61.9,4,g
H003,8/10/2026,I006,368.7,311,38.7,19,3,g
H003,8/10/2026,I002,519.9,472.1,16,31.8,3,g
H003,8/10/2026,I019,216.7,142.2,24.5,50,4,g
H003,8/10/2026,I013,319.4,220.3,57.1,42,4,g
H003,8/10/2026,I003,3.6,2.6,0.6,0.4,4,pieza
H003,8/17/2026,I014,689.9,466,114.8,109.1,5,g
H003,8/17/2026,I011,7,4.2,0.8,2,3,pieza
H003,8/17/2026,I012,430,382.8,22.2,25,3,ml
H003,8/17/2026,I004,282.7,267.6,4.4,10.7,3,g
H003,8/17/2026,I016,466.6,401.6,44.6,20.4,4,g
H003,8/17/2026,I006,302.1,215,46.1,41,3,g
H003,8/17/2026,I002,303.5,247.6,17.4,38.5,4,g
H003,8/17/2026,I019,480.1,402.9,15.6,61.6,3,g
H003,8/17/2026,I013,212.3,182.5,18.1,11.7,4,g
H003,8/17/2026,I003,5.9,4.5,0.3,1.1,3,pieza
H003,8/24/2026,I014,481,338.2,45.6,97.2,3,g
H003,8/24/2026,I011,1.5,1.3,0.1,0.1,5,pieza
H003,8/24/2026,I012,704.7,559.7,37,108,4,ml
H003,8/24/2026,I004,482.7,371,50.3,61.4,3,g
H003,8/24/2026,I016,610.9,452.7,35.1,123.1,5,g
H003,8/24/2026,I006,460.8,360.8,33.9,66.1,4,g
H003,8/24/2026,I002,210.7,159.6,34.9,16.2,5,g
H003,8/24/2026,I019,679.2,470.6,139,69.6,4,g
H003,8/24/2026,I013,308,254.2,15.1,38.7,3,g
H003,8/24/2026,I003,6.3,5,0.6,0.7,5,pieza
H004,7/6/2026,I002,271.7,206.7,18.1,46.9,4,g
H004,7/6/2026,I004,239,182.6,11.8,44.6,3,g
H004,7/6/2026,I010,286.1,223.5,37.7,24.9,4,g
H004,7/6/2026,I015,141.2,96.9,6.7,37.6,3,g
H004,7/6/2026,I016,210.9,187.4,5.4,18.1,3,g
H004,7/6/2026,I006,199.7,126.1,16.8,56.8,5,g
H004,7/6/2026,I008,201.6,157.6,24.2,19.8,4,g
H004,7/6/2026,I023,153.4,118.1,21.4,13.9,3,ml
H004,7/6/2026,I001,405.4,309.6,46.8,49,5,g
H004,7/13/2026,I002,316.6,258,30.3,28.3,4,g
H004,7/13/2026,I004,380.2,355.3,5.2,19.7,5,g
H004,7/13/2026,I010,299.5,205.4,20.4,73.7,3,g
H004,7/13/2026,I015,427.6,382.2,22.7,22.7,4,g
H004,7/13/2026,I016,390.1,305.5,45.6,39,4,g
H004,7/13/2026,I006,328.3,267.6,40.8,19.9,3,g
H004,7/13/2026,I008,167.1,118.9,11.8,36.4,4,g
H004,7/13/2026,I023,164.4,101.1,28.4,34.9,4,ml
H004,7/13/2026,I001,261.6,192.5,25.1,44,5,g
H004,7/20/2026,I002,137.1,113.5,6.1,17.5,5,g
H004,7/20/2026,I004,328.5,272.1,35.5,20.9,4,g
H004,7/20/2026,I010,135,108.5,13,13.5,3,g
H004,7/20/2026,I015,359.5,275.8,52,31.7,4,g
H004,7/20/2026,I016,306.7,253.2,11.6,41.9,3,g
H004,7/20/2026,I006,384.8,240.7,24,120.1,3,g
H004,7/20/2026,I008,394.9,236,62.1,96.8,4,g
H004,7/20/2026,I023,398.6,330.8,26.2,41.6,3,ml
H004,7/20/2026,I001,338.6,247,20.1,71.5,4,g
H004,7/27/2026,I002,179.3,115.9,25.7,37.7,4,g
H004,7/27/2026,I004,272.7,252.8,12.3,7.6,3,g
H004,7/27/2026,I010,361.4,269.4,15.4,76.6,3,g
H004,7/27/2026,I015,355.6,333.6,14.2,7.8,3,g
H004,7/27/2026,I016,427.4,284.8,31,111.6,4,g
H004,7/27/2026,I006,164.7,112.5,28.5,23.7,5,g
H004,7/27/2026,I008,154.1,114.6,24.5,15,4,g
H004,7/27/2026,I023,285.2,182.2,64.6,38.4,4,ml
H004,7/27/2026,I001,210.7,172.7,25.2,12.8,5,g
H004,8/3/2026,I002,387.1,312.6,18,56.5,4,g
H004,8/3/2026,I004,382.5,322.1,21.7,38.7,3,g
H004,8/3/2026,I010,195.6,169,14.2,12.4,4,g
H004,8/3/2026,I015,312.5,210.6,69.2,32.7,5,g
H004,8/3/2026,I016,144.8,104.9,7.1,32.8,3,g
H004,8/3/2026,I006,254.6,233.5,6.4,14.7,5,g
H004,8/3/2026,I008,430.2,357,25.1,48.1,3,g
H004,8/3/2026,I023,187.4,117.2,34.5,35.7,3,ml
H004,8/3/2026,I001,414,356.9,29.9,27.2,5,g
H004,8/10/2026,I002,297.4,229.7,28.9,38.8,4,g
H004,8/10/2026,I004,198.7,156.8,13.9,28,3,g
H004,8/10/2026,I010,275,174,64.5,36.5,5,g
H004,8/10/2026,I015,412.3,311,49.1,52.2,4,g
H004,8/10/2026,I016,231,152.4,50,28.6,5,g
H004,8/10/2026,I006,437.6,314.9,44.6,78.1,3,g
H004,8/10/2026,I008,392.9,354.2,11.8,26.9,4,g
H004,8/10/2026,I023,223.3,189,15.5,18.8,3,ml
H004,8/10/2026,I001,191.6,183.8,2.1,5.7,5,g
H004,8/17/2026,I002,325.6,251.7,17.8,56.1,3,g
H004,8/17/2026,I004,187.1,154.5,21.4,11.2,4,g
H004,8/17/2026,I010,239.5,166.8,28.2,44.5,4,g
H004,8/17/2026,I015,170.7,153.3,3,14.4,5,g
H004,8/17/2026,I016,273.6,218.6,25.5,29.5,5,g
H004,8/17/2026,I006,270.7,220,12.7,38,5,g
H004,8/17/2026,I008,429.5,289.6,80.4,59.5,5,g
H004,8/17/2026,I023,473.7,306.2,101.8,65.7,4,ml
H004,8/17/2026,I001,363,288.4,30.4,44.2,3,g
H004,8/24/2026,I002,163.1,127.7,19.9,15.5,3,g
H004,8/24/2026,I004,251,224.5,18.5,8,5,g
H004,8/24/2026,I010,257.8,232.7,6.6,18.5,3,g
H004,8/24/2026,I015,206.5,181.2,15.2,10.1,5,g
H004,8/24/2026,I016,180.4,116.2,32.6,31.6,3,g
H004,8/24/2026,I006,457.3,359.5,30.9,66.9,5,g
H004,8/24/2026,I008,195,135.1,30.9,29,3,g
H004,8/24/2026,I023,137.2,107.4,13.8,16,5,ml
H004,8/24/2026,I001,313.1,248.7,39.5,24.9,3,g
H005,7/6/2026,I010,968.3,863.4,72,32.9,5,g
H005,7/6/2026,I017,531.7,400.6,26.3,104.8,3,g
H005,7/6/2026,I014,801.6,579.1,43.7,178.8,4,g
H005,7/6/2026,I016,851.3,633.6,112.5,105.2,3,g
H005,7/6/2026,I022,7.3,5.5,0.4,1.4,5,pieza
H005,7/6/2026,I006,1031.3,668.3,208.6,154.4,3,g
H005,7/6/2026,I012,711,532.4,97.2,81.4,5,ml
H005,7/6/2026,I008,1183.2,846.3,160.5,176.4,5,g
H005,7/6/2026,I007,648.5,496.3,86.1,66.1,4,g
H005,7/6/2026,I003,4.8,4.8,0,0,4,pieza
H005,7/13/2026,I010,1255.9,779.9,123.1,352.9,4,g
H005,7/13/2026,I017,542.7,442.4,65.8,34.5,3,g
H005,7/13/2026,I014,867.4,766.3,39.5,61.6,3,g
H005,7/13/2026,I016,639.9,402.5,96.3,141.1,5,g
H005,7/13/2026,I022,5.1,4.3,0.2,0.6,4,pieza
H005,7/13/2026,I006,904.8,701.1,106.9,96.8,3,g
H005,7/13/2026,I012,389.3,237.9,50.7,100.7,5,ml
H005,7/13/2026,I008,967.2,701,47.4,218.8,3,g
H005,7/13/2026,I007,666.8,560.5,72,34.3,3,g
H005,7/13/2026,I003,9.6,9.6,0,0,3,pieza
H005,7/20/2026,I010,1113.3,800.8,72.3,240.2,5,g
H005,7/20/2026,I017,1004.3,807.3,131.9,65.1,5,g
H005,7/20/2026,I014,963,797.6,27.1,138.3,4,g
H005,7/20/2026,I016,633.2,415,109.9,108.3,3,g
H005,7/20/2026,I022,7.2,6.5,0.2,0.5,3,pieza
H005,7/20/2026,I006,459.3,410.1,10.8,38.4,3,g
H005,7/20/2026,I012,1256.7,1006,81.7,169,4,ml
H005,7/20/2026,I008,1115.4,780.8,131.2,203.4,3,g
H005,7/20/2026,I007,789.3,590.3,84.1,114.9,3,g
H005,7/20/2026,I003,3.1,2.2,0.1,0.8,3,pieza
H005,7/27/2026,I010,1171.3,860.6,169.4,141.3,3,g
H005,7/27/2026,I017,550,400.4,64.8,84.8,3,g
H005,7/27/2026,I014,586.6,378.7,44.6,163.3,5,g
H005,7/27/2026,I016,381.5,327.2,17.5,36.8,5,g
H005,7/27/2026,I022,7.7,6.5,0.3,0.9,3,pieza
H005,7/27/2026,I006,1012.5,615.5,148.4,248.6,4,g
H005,7/27/2026,I012,917,870.6,16.9,29.5,4,ml
H005,7/27/2026,I008,646.1,552.7,25.4,68,3,g
H005,7/27/2026,I007,793.3,764.6,6,22.7,3,g
H005,7/27/2026,I003,6.2,3.6,1.4,1.2,5,pieza
H005,8/3/2026,I010,464,424.8,11.8,27.4,5,g
H005,8/3/2026,I017,620.6,495.5,84.1,41,5,g
H005,8/3/2026,I014,539.6,352.8,81.2,105.6,4,g
H005,8/3/2026,I016,782.6,686.8,23.9,71.9,3,g
H005,8/3/2026,I022,5,4.4,0.2,0.4,5,pieza
H005,8/3/2026,I006,877.7,626.1,160.2,91.4,5,g
H005,8/3/2026,I012,454.4,331.4,21.3,101.7,4,ml
H005,8/3/2026,I008,1035.6,672.6,119.5,243.5,4,g
H005,8/3/2026,I007,499.9,346.3,105.1,48.5,3,g
H005,8/3/2026,I003,8,5.3,1.7,1,5,pieza
H005,8/10/2026,I010,791.6,697.1,56.2,38.3,3,g
H005,8/10/2026,I017,963.6,739.6,115.2,108.8,5,g
H005,8/10/2026,I014,983.7,708.8,72.4,202.5,5,g
H005,8/10/2026,I016,852,674.6,77.1,100.3,3,g
H005,8/10/2026,I022,8.6,5.7,1,1.9,4,pieza
H005,8/10/2026,I006,883,698.2,103.7,81.1,4,g
H005,8/10/2026,I012,475.6,327,67.2,81.4,5,ml
H005,8/10/2026,I008,470.8,386.6,58.9,25.3,3,g
H005,8/10/2026,I007,798.1,655.9,46,96.2,5,g
H005,8/10/2026,I003,9.3,7.1,0.8,1.4,3,pieza
H005,8/17/2026,I010,479.5,326.8,73.4,79.3,5,g
H005,8/17/2026,I017,1259.7,838.1,143.2,278.4,4,g
H005,8/17/2026,I014,1106.5,706.2,204.1,196.2,5,g
H005,8/17/2026,I016,623.6,485.1,59.9,78.6,3,g
H005,8/17/2026,I022,2.7,2.1,0.1,0.5,4,pieza
H005,8/17/2026,I006,809.7,688.4,64.6,56.7,3,g
H005,8/17/2026,I012,541.6,409.1,24.3,108.2,4,ml
H005,8/17/2026,I008,323.7,275.5,29.1,19.1,5,g
H005,8/17/2026,I007,948.8,713.6,48.3,186.9,4,g
H005,8/17/2026,I003,5.1,4.2,0.5,0.4,3,pieza
H005,8/24/2026,I010,822.3,597.9,34.7,189.7,5,g
H005,8/24/2026,I017,710.3,527.9,96.8,85.6,3,g
H005,8/24/2026,I014,911.6,754.9,64.7,92,3,g
H005,8/24/2026,I016,1145.4,839.1,93.7,212.6,3,g
H005,8/24/2026,I022,10.3,8.4,0.3,1.6,3,pieza
H005,8/24/2026,I006,878.3,689.6,127.2,61.5,5,g
H005,8/24/2026,I012,723.4,644.6,42.2,36.6,3,ml
H005,8/24/2026,I008,841.3,750.6,30.6,60.1,4,g
H005,8/24/2026,I007,560.3,341.5,58.1,160.7,4,g
H005,8/24/2026,I003,12.1,8.8,2.1,1.2,3,pieza
H006,7/6/2026,I018,192,182.4,4.4,5.2,4,g
H006,7/6/2026,I010,303,268.5,7.5,27,4,g
H006,7/6/2026,I014,202.4,174.6,11.3,16.5,4,g
H006,7/6/2026,I022,2.4,1.6,0.2,0.6,4,pieza
H006,7/6/2026,I016,332.9,272.5,22.6,37.8,5,g
H006,7/6/2026,I020,307,250.4,39.3,17.3,5,g
H006,7/6/2026,I019,433.6,324.1,50,59.5,5,g
H006,7/6/2026,I004,258.8,189.7,42.6,26.5,4,g
H006,7/13/2026,I018,137,115.6,6.8,14.6,5,g
H006,7/13/2026,I010,371.4,287.3,23.3,60.8,3,g
H006,7/13/2026,I014,222.8,179.5,17.5,25.8,5,g
H006,7/13/2026,I022,1.2,0.9,0.2,0.1,4,pieza
H006,7/13/2026,I016,310.5,208.5,25,77,3,g
H006,7/13/2026,I020,298.3,229.6,46.4,22.3,3,g
H006,7/13/2026,I019,224.6,192.8,15.3,16.5,3,g
H006,7/13/2026,I004,230.2,193.6,16.2,20.4,3,g
H006,7/20/2026,I018,173,114.1,24,34.9,4,g
H006,7/20/2026,I010,159.3,111.8,12.6,34.9,5,g
H006,7/20/2026,I014,289.4,189.8,19.4,80.2,5,g
H006,7/20/2026,I022,3.1,2.3,0.2,0.6,4,pieza
H006,7/20/2026,I016,268.7,240.9,10.8,17,4,g
H006,7/20/2026,I020,404.7,385.6,7.7,11.4,4,g
H006,7/20/2026,I019,204.5,194,4.6,5.9,5,g
H006,7/20/2026,I004,341.4,225.6,38.3,77.5,4,g
H006,7/27/2026,I018,444.3,341.9,39.8,62.6,4,g
H006,7/27/2026,I010,460,334.3,51,74.7,5,g
H006,7/27/2026,I014,479.3,289.3,116.9,73.1,4,g
H006,7/27/2026,I022,1,0.9,0,0.1,4,pieza
H006,7/27/2026,I016,321.6,264.8,27.4,29.4,3,g
H006,7/27/2026,I020,275.9,226.9,25.9,23.1,3,g
H006,7/27/2026,I019,210.8,183,11.6,16.2,3,g
H006,7/27/2026,I004,386,263.8,52.6,69.6,5,g
H006,8/3/2026,I018,226.7,209.6,8.5,8.6,3,g
H006,8/3/2026,I010,163.4,131.8,21.2,10.4,5,g
H006,8/3/2026,I014,391.8,334.8,25.6,31.4,5,g
H006,8/3/2026,I022,2.4,1.6,0.2,0.6,5,pieza
H006,8/3/2026,I016,456.8,282.4,59.2,115.2,3,g
H006,8/3/2026,I020,163.4,144.2,9,10.2,5,g
H006,8/3/2026,I019,280.4,172.2,70.8,37.4,3,g
H006,8/3/2026,I004,438,381.3,30.6,26.1,3,g
H006,8/10/2026,I018,292.3,213.5,33.1,45.7,3,g
H006,8/10/2026,I010,429.9,309.9,67.6,52.4,3,g
H006,8/10/2026,I014,326.7,249.6,25.8,51.3,5,g
H006,8/10/2026,I022,3.9,3.3,0.3,0.3,5,pieza
H006,8/10/2026,I016,186.5,156.3,18.4,11.8,3,g
H006,8/10/2026,I020,361.8,272.1,49.8,39.9,4,g
H006,8/10/2026,I019,302.7,256.3,24.9,21.5,5,g
H006,8/10/2026,I004,270.5,201.1,43.8,25.6,3,g
H006,8/17/2026,I018,208.2,185.7,6.8,15.7,5,g
H006,8/17/2026,I010,426.7,292.9,50.2,83.6,4,g
H006,8/17/2026,I014,187.6,145.3,23.5,18.8,4,g
H006,8/17/2026,I022,4.5,3,0.4,1.1,3,pieza
H006,8/17/2026,I016,460,304,25.8,130.2,4,g
H006,8/17/2026,I020,294,212.3,38.8,42.9,5,g
H006,8/17/2026,I019,206,151.9,25.3,28.8,3,g
H006,8/17/2026,I004,178,143.2,13.7,21.1,5,g
H006,8/24/2026,I018,343.7,225.9,75.5,42.3,4,g
H006,8/24/2026,I010,215.8,193.8,10.3,11.7,4,g
H006,8/24/2026,I014,255.4,187.6,35.7,32.1,3,g
H006,8/24/2026,I022,3.3,2.2,0.2,0.9,5,pieza
H006,8/24/2026,I016,331,277.6,20.3,33.1,3,g
H006,8/24/2026,I020,366.9,331.7,5.9,29.3,5,g
H006,8/24/2026,I019,158.7,125.8,15.3,17.6,4,g
H006,8/24/2026,I004,390.5,322.5,19.2,48.8,3,g
H007,7/6/2026,I006,488.1,439.7,9,39.4,4,g
H007,7/6/2026,I014,480.7,379.4,69.2,32.1,5,g
H007,7/6/2026,I011,2.4,1.9,0.1,0.4,4,pieza
H007,7/6/2026,I009,448,315,46.8,86.2,3,g
H007,7/6/2026,I013,645.1,572.9,36.6,35.6,5,g
H007,7/6/2026,I017,760.2,461.4,149,149.8,3,g
H007,7/6/2026,I010,494.4,414.9,52.9,26.6,4,g
H007,7/6/2026,I020,925.3,742.8,72.4,110.1,3,g
H007,7/6/2026,I021,692.1,411,195.1,86,4,g
H007,7/13/2026,I006,991,658.1,120.8,212.1,5,g
H007,7/13/2026,I014,255.4,194.6,29.9,30.9,4,g
H007,7/13/2026,I011,6,4.9,0.5,0.6,3,pieza
H007,7/13/2026,I009,948.6,638.6,63.5,246.5,4,g
H007,7/13/2026,I013,302.3,212.5,16.1,73.7,5,g
H007,7/13/2026,I017,858.1,658.7,74.4,125,4,g
H007,7/13/2026,I010,685,540.3,38.5,106.2,5,g
H007,7/13/2026,I020,644.1,466.2,116.1,61.8,4,g
H007,7/13/2026,I021,301.7,287.9,5.7,8.1,3,g
H007,7/20/2026,I006,956.1,567.6,78.3,310.2,5,g
H007,7/20/2026,I014,695.7,475.9,54.6,165.2,5,g
H007,7/20/2026,I011,9.3,5.7,1.5,2.1,5,pieza
H007,7/20/2026,I009,704,615.7,40.6,47.7,3,g
H007,7/20/2026,I013,495.8,333.1,110.2,52.5,5,g
H007,7/20/2026,I017,291.1,244.9,30.9,15.3,3,g
H007,7/20/2026,I010,948.4,660.2,125.2,163,4,g
H007,7/20/2026,I020,851.8,657,98.4,96.4,4,g
H007,7/20/2026,I021,779.5,758.9,9.4,11.2,4,g
H007,7/27/2026,I006,348.7,219.3,40.6,88.8,3,g
H007,7/27/2026,I014,606.5,461.4,51.8,93.3,3,g
H007,7/27/2026,I011,9.7,6.1,1.3,2.3,3,pieza
H007,7/27/2026,I009,725.8,541.7,79.6,104.5,5,g
H007,7/27/2026,I013,537.2,384.8,47.1,105.3,5,g
H007,7/27/2026,I017,550.7,532.9,4.7,13.1,4,g
H007,7/27/2026,I010,1009.5,739.9,146.9,122.7,3,g
H007,7/27/2026,I020,806.2,516.6,124.5,165.1,5,g
H007,7/27/2026,I021,748.7,561.9,54.9,131.9,4,g
H007,8/3/2026,I006,559.1,347,51.6,160.5,3,g
H007,8/3/2026,I014,887.1,689.7,77.1,120.3,5,g
H007,8/3/2026,I011,7.3,5.3,0.6,1.4,5,pieza
H007,8/3/2026,I009,432.4,248.4,28.2,155.8,3,g
H007,8/3/2026,I013,270.2,247.1,15,8.1,3,g
H007,8/3/2026,I017,355.5,259.1,31.9,64.5,5,g
H007,8/3/2026,I010,698.8,544.8,93.2,60.8,5,g
H007,8/3/2026,I020,388.9,359.5,6.4,23,5,g
H007,8/3/2026,I021,595.4,414.9,48,132.5,3,g
H007,8/10/2026,I006,851,554.9,49.7,246.4,4,g
H007,8/10/2026,I014,599,468.2,34.5,96.3,5,g
H007,8/10/2026,I011,6.9,5.7,0.8,0.4,5,pieza
H007,8/10/2026,I009,692.6,546.6,53.2,92.8,4,g
H007,8/10/2026,I013,623.8,504.1,27.6,92.1,3,g
H007,8/10/2026,I017,348.8,313.3,21.7,13.8,3,g
H007,8/10/2026,I010,714.5,663.6,19.4,31.5,5,g
H007,8/10/2026,I020,490.4,412.2,14.7,63.5,3,g
H007,8/10/2026,I021,717,608.1,57.7,51.2,3,g
H007,8/17/2026,I006,328.6,261.7,13.5,53.4,5,g
H007,8/17/2026,I014,935.8,737.7,97,101.1,4,g
H007,8/17/2026,I011,9.4,6.1,1.7,1.6,4,pieza
H007,8/17/2026,I009,402.6,368.7,5.8,28.1,5,g
H007,8/17/2026,I013,532.6,499.9,10.1,22.6,4,g
H007,8/17/2026,I017,518,363.9,36.7,117.4,3,g
H007,8/17/2026,I010,304.3,266.4,12.9,25,5,g
H007,8/17/2026,I020,329.8,240.5,60.6,28.7,4,g
H007,8/17/2026,I021,752.2,695.8,37.8,18.6,4,g
H007,8/24/2026,I006,786.5,531,68.6,186.9,5,g
H007,8/24/2026,I014,300,233.8,28.5,37.7,5,g
H007,8/24/2026,I011,6.8,5.6,0.7,0.5,3,pieza
H007,8/24/2026,I009,494.4,302.7,56,135.7,3,g
H007,8/24/2026,I013,766,674,56.5,35.5,5,g
H007,8/24/2026,I017,523.7,449,16.2,58.5,5,g
H007,8/24/2026,I010,338.9,267.9,40.8,30.2,4,g
H007,8/24/2026,I020,725,512.1,70.7,142.2,3,g
H007,8/24/2026,I021,861.9,673,84.9,104,5,g
H008,7/6/2026,I023,539.2,455.1,53.1,31,3,ml
H008,7/6/2026,I015,318.5,204.9,49.8,63.8,5,g
H008,7/6/2026,I012,642.6,529.5,23.6,89.5,4,ml
H008,7/6/2026,I018,252.3,199.4,14.4,38.5,5,g
H008,7/6/2026,I013,488,363.6,67.1,57.3,4,g
H008,7/6/2026,I004,700.6,440,175.4,85.2,5,g
H008,7/6/2026,I005,757.8,457.2,209.2,91.4,5,g
H008,7/6/2026,I016,601.7,470.3,76.7,54.7,5,g
H008,7/6/2026,I020,281.4,238.7,28.1,14.6,3,g
H008,7/6/2026,I019,261.8,197.5,42.1,22.2,3,g
H008,7/13/2026,I023,285.5,182.2,37.7,65.6,5,ml
H008,7/13/2026,I015,508.6,332,41.1,135.5,4,g
H008,7/13/2026,I012,254.3,209.8,7.1,37.4,3,ml
H008,7/13/2026,I018,412.8,319.1,56.1,37.6,5,g
H008,7/13/2026,I013,359.8,311.8,20.1,27.9,3,g
H008,7/13/2026,I004,372.8,333,6.6,33.2,5,g
H008,7/13/2026,I005,295.5,250.8,26.7,18,3,g
H008,7/13/2026,I016,461.9,394,28.4,39.5,5,g
H008,7/13/2026,I020,261.6,209.8,16.3,35.5,5,g
H008,7/13/2026,I019,570.8,439.6,47.8,83.4,5,g
H008,7/20/2026,I023,696.7,405.1,99,192.6,3,ml
H008,7/20/2026,I015,215.1,183.8,12.8,18.5,4,g
H008,7/20/2026,I012,337.1,300.2,16,20.9,4,ml
H008,7/20/2026,I018,500.7,374.1,81.5,45.1,5,g
H008,7/20/2026,I013,242.4,144,26.4,72,3,g
H008,7/20/2026,I004,389.6,357,18.4,14.2,4,g
H008,7/20/2026,I005,476.9,286.4,59.6,130.9,3,g
H008,7/20/2026,I016,244.3,184.4,14.2,45.7,3,g
H008,7/20/2026,I020,668.5,470.2,65.8,132.5,4,g
H008,7/20/2026,I019,218.2,134.8,25.4,58,5,g
H008,7/27/2026,I023,253.5,219.1,17.5,16.9,5,ml
H008,7/27/2026,I015,204.8,158.2,18,28.6,3,g
H008,7/27/2026,I012,554.4,336.9,68.2,149.3,4,ml
H008,7/27/2026,I018,397.4,288.7,72.7,36,3,g
H008,7/27/2026,I013,305.2,209.1,67,29.1,5,g
H008,7/27/2026,I004,399.9,261.3,33.6,105,5,g
H008,7/27/2026,I005,411.5,382.4,18.4,10.7,4,g
H008,7/27/2026,I016,763,540.7,126.2,96.1,5,g
H008,7/27/2026,I020,593.2,372,52.7,168.5,5,g
H008,7/27/2026,I019,596.3,426.3,93.4,76.6,3,g
H008,8/3/2026,I023,370.1,292,46.3,31.8,5,ml
H008,8/3/2026,I015,415.6,314.1,46.3,55.2,4,g
H008,8/3/2026,I012,294.5,202.3,29.3,62.9,5,ml
H008,8/3/2026,I018,686.8,522,104.4,60.4,5,g
H008,8/3/2026,I013,337,225.2,44.1,67.7,4,g
H008,8/3/2026,I004,445.4,356.7,42,46.7,4,g
H008,8/3/2026,I005,214.1,189.6,9.9,14.6,3,g
H008,8/3/2026,I016,294.2,243.6,9.6,41,4,g
H008,8/3/2026,I020,374.4,284.3,42.7,47.4,4,g
H008,8/3/2026,I019,434.2,305.5,22.4,106.3,5,g
H008,8/10/2026,I023,659.5,485.2,87.3,87,4,ml
H008,8/10/2026,I015,358.3,237.3,46.1,74.9,5,g
H008,8/10/2026,I012,291.1,220.4,25.8,44.9,3,ml
H008,8/10/2026,I018,675.5,543.4,21.6,110.5,5,g
H008,8/10/2026,I013,648.9,415.6,138.5,94.8,4,g
H008,8/10/2026,I004,621.5,376.2,146.3,99,4,g
H008,8/10/2026,I005,550.8,446.5,35.9,68.4,5,g
H008,8/10/2026,I016,582.5,549.5,11.8,21.2,3,g
H008,8/10/2026,I020,504.7,335.8,33.1,135.8,3,g
H008,8/10/2026,I019,424.2,360.6,19.4,44.2,4,g
H008,8/17/2026,I023,408.1,232.1,114.1,61.9,5,ml
H008,8/17/2026,I015,612.8,430.7,107.6,74.5,4,g
H008,8/17/2026,I012,296.9,252.5,25.5,18.9,3,ml
H008,8/17/2026,I018,561,448.3,27.6,85.1,5,g
H008,8/17/2026,I013,414.8,355.2,31.6,28,3,g
H008,8/17/2026,I004,351.4,288.5,19.8,43.1,4,g
H008,8/17/2026,I005,444.9,348,24,72.9,5,g
H008,8/17/2026,I016,441.7,301,53,87.7,4,g
H008,8/17/2026,I020,202.1,146.2,36.1,19.8,3,g
H008,8/17/2026,I019,456.4,300.4,58.2,97.8,5,g
H008,8/24/2026,I023,504.8,380.1,21.8,102.9,3,ml
H008,8/24/2026,I015,432.2,313.2,53.3,65.7,5,g
H008,8/24/2026,I012,502.4,464.6,5.9,31.9,4,ml
H008,8/24/2026,I018,468.8,316.4,97.1,55.3,4,g
H008,8/24/2026,I013,525.3,499,4.3,22,3,g
H008,8/24/2026,I004,559.3,491.7,31.3,36.3,4,g
H008,8/24/2026,I005,744.9,499.6,128.9,116.4,4,g
H008,8/24/2026,I016,324.6,239.1,22,63.5,4,g
H008,8/24/2026,I020,397.7,350.6,8.4,38.7,4,g
H008,8/24/2026,I019,520.4,400,47.6,72.8,4,g
H009,7/6/2026,I007,860,694.1,85.8,80.1,3,g
H009,7/6/2026,I011,8.9,6.6,1.2,1.1,5,pieza
H009,7/6/2026,I009,749,551.4,124.9,72.7,3,g
H009,7/6/2026,I010,667.1,433.9,66.5,166.7,3,g
H009,7/6/2026,I001,1148.6,728.9,131.4,288.3,4,g
H009,7/6/2026,I013,710.9,519,81.8,110.1,5,g
H009,7/6/2026,I017,1082.7,833.7,58.5,190.5,3,g
H009,7/6/2026,I015,1393.2,1135.1,39,219.1,3,g
H009,7/6/2026,I019,448.8,348.4,47.7,52.7,3,g
H009,7/6/2026,I020,557.3,534.4,15.9,7,5,g
H009,7/13/2026,I007,894.7,612,91.3,191.4,5,g
H009,7/13/2026,I011,6.8,5.2,0.8,0.8,4,pieza
H009,7/13/2026,I009,1421.5,1087.9,108.3,225.3,3,g
H009,7/13/2026,I010,1354.3,833.4,168.1,352.8,4,g
H009,7/13/2026,I001,1522.3,964.4,315.3,242.6,4,g
H009,7/13/2026,I013,821.6,621.3,83.8,116.5,4,g
H009,7/13/2026,I017,1484.2,968.1,353.2,162.9,4,g
H009,7/13/2026,I015,1326.4,987.2,83.9,255.3,4,g
H009,7/13/2026,I019,1003.8,727.8,167.6,108.4,3,g
H009,7/13/2026,I020,1359.5,1023,124.8,211.7,5,g
H009,7/20/2026,I007,922.8,566.4,134,222.4,4,g
H009,7/20/2026,I011,8.9,6.8,0.9,1.2,4,pieza
H009,7/20/2026,I009,447.4,350.5,35,61.9,4,g
H009,7/20/2026,I010,1262.3,1142.7,61,58.6,4,g
H009,7/20/2026,I001,605.2,417.2,89,99,3,g
H009,7/20/2026,I013,767.8,655.7,31,81.1,5,g
H009,7/20/2026,I017,1499.9,941.3,366.8,191.8,3,g
H009,7/20/2026,I015,520.1,352.3,34.7,133.1,4,g
H009,7/20/2026,I019,1113.7,652.4,102,359.3,3,g
H009,7/20/2026,I020,1002.8,593.5,256.5,152.8,4,g
H009,7/27/2026,I007,1052.6,747.2,143,162.4,4,g
H009,7/27/2026,I011,3.5,2.6,0.3,0.6,3,pieza
H009,7/27/2026,I009,660.8,441,67.7,152.1,5,g
H009,7/27/2026,I010,972,918,12.1,41.9,5,g
H009,7/27/2026,I001,491.4,375.6,59.7,56.1,5,g
H009,7/27/2026,I013,1222.9,1064,85.9,73,4,g
H009,7/27/2026,I017,422.6,394.4,9.4,18.8,4,g
H009,7/27/2026,I015,424.7,308.8,78.7,37.2,4,g
H009,7/27/2026,I019,902.9,675.3,95.1,132.5,3,g
H009,7/27/2026,I020,915.6,747.6,62.8,105.2,4,g
H009,8/3/2026,I007,1058.2,801.7,90,166.5,5,g
H009,8/3/2026,I011,14.9,10.6,1,3.3,4,pieza
H009,8/3/2026,I009,956.5,704.8,136.4,115.3,3,g
H009,8/3/2026,I010,1523.9,1068.7,203.1,252.1,4,g
H009,8/3/2026,I001,945.3,923.3,11.7,10.3,5,g
H009,8/3/2026,I013,998.7,741.8,106.5,150.4,3,g
H009,8/3/2026,I017,647,450.2,37.2,159.6,5,g
H009,8/3/2026,I015,692.9,533.6,109.3,50,4,g
H009,8/3/2026,I019,781.3,769.2,5.7,6.4,4,g
H009,8/3/2026,I020,441.9,339.4,26.7,75.8,5,g
H009,8/10/2026,I007,654.3,547.8,25.4,81.1,3,g
H009,8/10/2026,I011,6.7,5.6,0.4,0.7,4,pieza
H009,8/10/2026,I009,1061.2,934.4,49.1,77.7,4,g
H009,8/10/2026,I010,934.9,622.7,217.9,94.3,3,g
H009,8/10/2026,I001,706.4,516.1,93.6,96.7,3,g
H009,8/10/2026,I013,1064.5,819.2,114.1,131.2,4,g
H009,8/10/2026,I017,1059.6,919.8,28,111.8,3,g
H009,8/10/2026,I015,1169,1026.1,59.4,83.5,4,g
H009,8/10/2026,I019,1243.9,768,149.7,326.2,4,g
H009,8/10/2026,I020,1249.2,1066.2,34.1,148.9,3,g
H009,8/17/2026,I007,860.9,625,82.1,153.8,5,g
H009,8/17/2026,I011,2.9,2.8,0,0.1,4,pieza
H009,8/17/2026,I009,1190.4,723.3,195.6,271.5,3,g
H009,8/17/2026,I010,569.7,395.9,59.7,114.1,3,g
H009,8/17/2026,I001,837.6,568.3,164.8,104.5,3,g
H009,8/17/2026,I013,1145.8,996.9,96.8,52.1,3,g
H009,8/17/2026,I017,1145.8,906.8,119.1,119.9,4,g
H009,8/17/2026,I015,842.4,661.5,40.7,140.2,4,g
H009,8/17/2026,I019,883.2,847.1,6.5,29.6,4,g
H009,8/17/2026,I020,395.8,310.8,44.5,40.5,4,g
H009,8/24/2026,I007,530.3,407.5,73.2,49.6,4,g
H009,8/24/2026,I011,9.6,8,0.8,0.8,5,pieza
H009,8/24/2026,I009,797.7,579.8,134.5,83.4,5,g
H009,8/24/2026,I010,928.4,564.9,125.9,237.6,4,g
H009,8/24/2026,I001,914.7,602.9,200.9,110.9,5,g
H009,8/24/2026,I013,890.3,647.5,64.3,178.5,4,g
H009,8/24/2026,I017,593.3,416.4,70.5,106.4,3,g
H009,8/24/2026,I015,1243.5,1157.6,59.7,26.2,3,g
H009,8/24/2026,I019,1331.4,849.4,171.5,310.5,4,g
H009,8/24/2026,I020,769.6,524.5,89.7,155.4,3,g
H010,7/6/2026,I019,264.1,221.4,10.5,32.2,3,g
H010,7/6/2026,I001,167.8,134.8,20.4,12.6,4,g
H010,7/6/2026,I005,383.6,243.9,64.1,75.6,5,g
H010,7/6/2026,I016,279.9,209.8,41.8,28.3,3,g
H010,7/6/2026,I015,308.9,240.4,14,54.5,4,g
H010,7/6/2026,I002,292.9,292.9,0,0,3,g
H010,7/6/2026,I010,285,204.7,28.2,52.1,4,g
H010,7/6/2026,I012,129.8,129.8,0,0,5,ml
H010,7/6/2026,I003,1,0.9,0,0.1,3,pieza
H010,7/6/2026,I009,449.2,290.9,25.6,132.7,5,g
H010,7/13/2026,I019,384.4,292,52,40.4,4,g
H010,7/13/2026,I001,267.9,239.7,6.4,21.8,4,g
H010,7/13/2026,I005,411.9,381.8,14.3,15.8,5,g
H010,7/13/2026,I016,411.8,327.8,27.7,56.3,5,g
H010,7/13/2026,I015,442.9,305.4,32.2,105.3,4,g
H010,7/13/2026,I002,409.1,243.3,53.9,111.9,5,g
H010,7/13/2026,I010,296.2,256.7,13.6,25.9,3,g
H010,7/13/2026,I012,472.3,295.9,104.7,71.7,5,ml
H010,7/13/2026,I003,4.7,3.5,0.5,0.7,4,pieza
H010,7/13/2026,I009,329.2,224.2,63.5,41.5,4,g
H010,7/20/2026,I019,434.4,265.9,98.3,70.2,3,g
H010,7/20/2026,I001,178.1,161.5,3.8,12.8,4,g
H010,7/20/2026,I005,130.1,129.6,0.2,0.3,3,g
H010,7/20/2026,I016,201.5,181.7,13.5,6.3,5,g
H010,7/20/2026,I015,288.8,234.7,31.5,22.6,3,g
H010,7/20/2026,I002,354.8,261.7,54.3,38.8,3,g
H010,7/20/2026,I010,171.2,104.8,16.7,49.7,4,g
H010,7/20/2026,I012,171,113.2,23.7,34.1,4,ml
H010,7/20/2026,I003,4.1,3.5,0.2,0.4,5,pieza
H010,7/20/2026,I009,310.2,237.3,41.3,31.6,3,g
H010,7/27/2026,I019,419,277.8,50.8,90.4,4,g
H010,7/27/2026,I001,318.1,309,3.6,5.5,4,g
H010,7/27/2026,I005,426.9,327.2,48.3,51.4,5,g
H010,7/27/2026,I016,339.2,233.6,44,61.6,3,g
H010,7/27/2026,I015,351.5,329.3,6.5,15.7,4,g
H010,7/27/2026,I002,172.1,132.7,6.4,33,5,g
H010,7/27/2026,I010,481.9,365.4,23.5,93,5,g
H010,7/27/2026,I012,419.4,356.4,43.8,19.2,5,ml
H010,7/27/2026,I003,3.6,2.9,0.3,0.4,5,pieza
H010,7/27/2026,I009,366.7,247.9,38.5,80.3,5,g
H010,8/3/2026,I019,156.7,125.3,4.8,26.6,4,g
H010,8/3/2026,I001,231.7,158.2,35.7,37.8,5,g
H010,8/3/2026,I005,257.1,232.2,16.2,8.7,4,g
H010,8/3/2026,I016,433.4,262.7,33.7,137,5,g
H010,8/3/2026,I015,205,153.9,19.9,31.2,4,g
H010,8/3/2026,I002,151.3,143.4,2,5.9,3,g
H010,8/3/2026,I010,321.9,182.7,90.3,48.9,4,g
H010,8/3/2026,I012,438.1,285.4,77.1,75.6,4,ml
H010,8/3/2026,I003,1,0.9,0,0.1,4,pieza
H010,8/3/2026,I009,278.5,232.4,19.7,26.4,5,g
H010,8/10/2026,I019,193.4,128.9,9.7,54.8,4,g
H010,8/10/2026,I001,198.7,153.1,8.7,36.9,5,g
H010,8/10/2026,I005,385.7,304.9,32,48.8,5,g
H010,8/10/2026,I016,301.4,193.1,38.7,69.6,4,g
H010,8/10/2026,I015,308.9,236,40.7,32.2,3,g
H010,8/10/2026,I002,291.5,209,42.4,40.1,3,g
H010,8/10/2026,I010,187.8,167.4,13.6,6.8,3,g
H010,8/10/2026,I012,201.1,118.7,32.6,49.8,5,ml
H010,8/10/2026,I003,2.9,2.8,0,0.1,3,pieza
H010,8/10/2026,I009,209.3,183.5,17.5,8.3,4,g
H010,8/17/2026,I019,291,195.8,49.9,45.3,5,g
H010,8/17/2026,I001,217.6,180,18,19.6,3,g
H010,8/17/2026,I005,331.7,293.5,26.6,11.6,4,g
H010,8/17/2026,I016,371.2,350,12.4,8.8,3,g
H010,8/17/2026,I015,301.5,186.5,79.1,35.9,3,g
H010,8/17/2026,I002,142.8,109,14.2,19.6,5,g
H010,8/17/2026,I010,366.8,255.1,35.2,76.5,3,g
H010,8/17/2026,I012,412.7,273.9,65.7,73.1,5,ml
H010,8/17/2026,I003,1,0.7,0.1,0.2,3,pieza
H010,8/17/2026,I009,167.8,137.4,12.7,17.7,3,g
H010,8/24/2026,I019,187.3,131,11.5,44.8,3,g
H010,8/24/2026,I001,315.5,215,17,83.5,4,g
H010,8/24/2026,I005,174.3,158.8,3,12.5,5,g
H010,8/24/2026,I016,412.8,305.2,34.1,73.5,5,g
H010,8/24/2026,I015,320.1,250.3,18.4,51.4,5,g
H010,8/24/2026,I002,446.7,308.2,89.8,48.7,4,g
H010,8/24/2026,I010,174.1,128.7,27.1,18.3,3,g
H010,8/24/2026,I012,299.4,260.7,6.2,32.5,5,ml
H010,8/24/2026,I003,2.1,1.7,0.2,0.2,4,pieza
H010,8/24/2026,I009,294.7,219.1,47,28.6,3,g
