receta_id,ingrediente_id,cantidad_requerida
R001,I001,300
R001,I008,500
R001,I015,250
R001,I017,200
R001,I018,200
R001,I023,30
R002,I002,350
R002,I009,400
R002,I015,400
R002,I016,100
R002,I023,25
R003,I003,12
R003,I005,400
R003,I015,200
R003,I016,80
R003,I021,250
R004,I006,350
R004,I015,250
R004,I016,100
R004,I017,200
R004,I023,25
R005,I007,300
R005,I015,250
R005,I016,80
R005,I019,150
R005,I023,20
R006,I011,4
R006,I019,120
R006,I013,120
R006,I016,50
R006,I023,10
R007,I004,160
R007,I012,500
R007,I022,2
R008,I003,12
R008,I010,280
R008,I015,200
R008,I016,60
R008,I021,200
R009,I009,450
R009,I020,400
R009,I017,200
R009,I015,300
R009,I016,100
R009,I023,25
R010,I014,350
R010,I001,250
R010,I017,180
R010,I018,200
R010,I016,80
R010,I023,20
R011,I003,9
R011,I013,250
R011,I018,250
R011,I016,60
R011,I023,10
R012,I002,250
R012,I015,250
R012,I017,150
R012,I018,150
R012,I016,70
R012,I023,15
R013,I001,250
R013,I005,300
R013,I015,200
R013,I021,250
R013,I019,100
R014,I007,350
R014,I019,150
R014,I016,80
R014,I017,120
R014,I023,20
R015,I008,400
R015,I019,180
R015,I022,2
R015,I017,100
R015,I021,180
