receta_id,nombre,porciones,tipo_comida,tipo_alimentacion,nivel_aceptacion_base_1_5,tiempo_preparacion_min,
R001,Arroz con pollo y verduras,4,Comida,Omnívora,5,35,
R002,Pasta con carne y jitomate,4,Comida,Omnívora,4,40,
R003,Tacos de frijol con aguacate,4,Cena,Vegana,5,25,
R004,Lentejas con verduras,4,Comida,Vegana,4,45,
R005,Ensalada de garbanzo,3,Cena,Vegana,4,20,
R006,Omelette de espinaca y queso,2,Desayuno,Vegetariana,5,15,
R007,Avena con leche y manzana,2,Desayuno,Vegetariana,5,12,
R008,Tostadas de atún,4,Cena,Pescetariana,4,18,
R009,Picadillo con papa y zanahoria,4,Comida,Omnívora,5,45,
R010,Tofu salteado con arroz,3,Comida,Vegana,4,30,
R011,Quesadillas con calabacita,3,Cena,Vegetariana,4,20,
R012,Sopa de pasta con verduras,4,Comida,Vegetariana,4,30,
R013,"Bowl de arroz, frijol y aguacate",3,Comida,Vegana,5,25,
R014,Tortitas de garbanzo y espinaca,3,Comida,Vegana,3,35,
R015,Ensalada de pollo y manzana,3,Cena,Omnívora,4,25,
